origin_tweet_full_text,retweet_count
DI USIA BERAPA KAMU TAHU BAHWA: https://t.co/7ltehKqhfD,17
"/LT  gaaaaeeeessss, berhubung tweet ini rame, aku jd penasaran soal sejarah indo dari sisi lain selain buku pelajaran dulu. please, saranin buku yg bagus &amp; bisa nunjukkin sisi lain sejarah indo, dong. thank you so muchğŸ¥°ğŸ¥°ğŸ¥° https://t.co/EgpxdLy2ts",6
"Ya Rabb....
Seandainya cerita ini benar, maka lagu ""nenek moyangku seorg pelaut harus diganti""

Menjadi ""nenek moyangku seorg koruptor""

Sedih bangettt ğŸ˜ªğŸ˜ªğŸ˜ªğŸ˜ª https://t.co/IplkWNCGLJ",4
"Anak anak, kalian harus baca ini. Bahkan pelajaran sejarah SD pun dimanipulasi. 

Pejabat sini memang udah sejak dulu mental korup dan feodalism. 

Lihat aja dana bansos, udah rakyatnya menderita karena pandemi, uangnya masih dikorup juga. Ah Indonesia ku https://t.co/SMxVeIcXUI",4
"guru sejarah saya pernah menjelaskan kerja rodi atau kerja paksa itu bkn tanpa gaji, tapi kerja yg tidak manusiawi ( jam istirahat yg kurang ). bayangkan saja panjang jalan 1000 km dpt selesai dlm setahun, apa gak pada modar yg kerja https://t.co/zPU5gTvXgk",2
"Iya, tapi setelah itu Daendels juga mintak upeti, semacam ""tanda tresna"" hubungan bilateral Belanda - Jogja. Ini juga gk boleh diabaikan, bahwa Daendels juga punya sisi lain sebagai Gubernur Jenderal, gk baik-baik amat. https://t.co/eafKMk8VsE https://t.co/yS1KxJXXZw",2
"Ya logika ana, gak mungkin Belanda boss menjajah selama ITU kalo gak krn pejabat lokalnya yg bobrok

Persis lah kek jaman skrg, cuma minus perang fisik aja https://t.co/F6bRAPCSce",1
Daendels saat baca buku sejarah anak sekolahan di Indonesia be like : https://t.co/pdrO4h9k7y https://t.co/g2JUCMobg6,1
20tahun ditipu sejarah grgr nenek moyangku seorang koruptor bukan pelaut https://t.co/VGi6JmlJzK,1
"pertanyaannya is siapa tu bupatinya, apa ga ada record nama anak, cucu, dan cicit2nya ğŸ¤­ https://t.co/Dbwax0w6E0",1
Hmm menarik https://t.co/igQ0AgSS90,1
"Emang jiwa2 korup dah ada di mental2 pribumi nih, terus yang jd kambing hitam Daendels, kesian. https://t.co/PgoNQwZ7Yi",1
"@xolvmatcha @collegemenfess Ini gan

https://t.co/aZ35BmW7Cp",1
"@mazzini_gsp Ahh lebih masuk akal sih teori bapak, karena selain orang dulu kelakuan korupsi gak masuk akal hal seperti itu bisa dianggap gak penting buat pejabat indonesia untuk diarsipin makanya susah diketemukan dari pada hal yang saya yakini selama ini.
https://t.co/IACKiNAu5c",1
Brengsek dari jaman dulu udh begini ternyata ğŸ™ƒ https://t.co/meucp4IPC5,1
Hmm menarique https://t.co/TyqAsDlPRO,1
Ternyata sdh terjadi dari jaman baheula https://t.co/9Byobf9Bw2,1
"Pertanyaannya: Apakah Daendels tau kalau bupati &amp; mandor punya kecenderungan untuk tidak membayar pekerjanya? 

Kalau iya, berarti perbuatan beliau sama saja nilai moralnya dengan investor yang invest ke perusahaan yang merusak alam, atau ke pabrik eskrim yg memperbudak org. https://t.co/aZ4YnV0tcK",1
"@teddyslfc @mazzini_gsp Karena dikabarkan tentara Inggris yang dikepalai Rafles mau nyerang, dan akhirnya juga Rafles berhasil. Eh tapi dibalikan lagi ke Belanda kalau gk salah ke van den Bosch, ngapai  diserang kalau dikembaliin? Kalau di telaah waktu itu Ratu Belanda ngungsi ke Inggris, cont-",1
"@mazzini_gsp Logika nya mau nyuruh orang kerja pasti ngasih upah. Nah nilainya itu yg mungkin kita tidak tahu. Sesuai UMK setempat atau ndak, ada uang lembur apa ndak, uang makan nya gimana?, dapat BPJS apa ndak.. perlu penelitian lebih lanjut",0
@mazzini_gsp berarti catut mencatut sudah tradisi sejak dulu kala ya,0
@mazzini_gsp Wuih ilmu baru,0
@mazzini_gsp nyuwun pangapunten mad deanles ğŸ™,0
@mazzini_gsp Tibake korupsi i teko negorone dewe hmmmmmm,0
@mazzini_gsp Emang pelajaran sejarah kudu diupdate,0
"@mazzini_gsp Banyak sejarah di putar balikan belanda. Mulai dari dtgnya islam yg di sebut dari gujarat. Ternyata ada data lain yg mementahkan itu.
Logika saya belanda menjajah sekian lama dengan cara curang dan yg niat jahat. Masihkah kita percaya bangsa penjajah itu",0
@mazzini_gsp Sudah sejak dlu petinggi +62 punya bakat korupsi,0
@mazzini_gsp Jadi jangan heran kalau pejabat kita banyak yang korupsi. Budayanya udah ada dari zaman Belanda,0
"@mazzini_gsp Gimana dengan papua, di sejarah dibahas dikit bat",0
@mazzini_gsp sejarah ternyata banyak propaganda dari Internal sendiri dah gilaaaa,0
"@mazzini_gsp pernah baca, kalo sebenernya ada orang Belanda sendiri yang gk suka Daendels soalnya dia suka ngasih tau siapa aja yang korupsi gitu, terus Daendels dilaporin sama yang dipulangin ke Belanda klo Daendels 'bikin kerja paksa' dan bukti-bukti dia bayar disembunyiin..",0
@mazzini_gsp Guru sejarah kelas 11 gw ngasih tau ttg ini,0
"@mazzini_gsp kebenaran akan menemukan jalannya. masyarakat kita sampai saat ini masih jadi korban kejahatan korupsi. 
sangat jauh dari masyarakat belanda.",0
@mazzini_gsp @EnggalPMT Payahlah dah mendarah daging rupanya..,0
@mazzini_gsp Jadi sudah ada korupsi dari jaman dulu ya?,0
@mazzini_gsp org pribumi nya sendiri yang buat sengsara ğŸ˜­,0
"@mazzini_gsp sorry but, kenapa ini baru viral sekarang? aku yg emang baru tau atau cerita ini sengaja ditutup""in dan baru kebuka?

kalopun emang cerita ini udah lama kenapa ga dari dulu aja dipublis?",0
"@mazzini_gsp actually kalau diblg ky â€˜di buku sejarah kita kok kayak ditutupinâ€™. sama kek pelajaran sejarah di belanda. waktu itu aku ketemu video ka mella (yg di tiktok) katanya di belanda pun, gda omongan ttg penjajahan belanda di indonesia, ya sm aj si wkwk (cmiiw ya btw :,))",0
"@mazzini_gsp Seseorang pernah berkata, ada tiga jenis sejarah: 1. Yang terjadi dan dicatat, 2. Yang terjadi namun tidak dicatat, 3. Tidak terjadi namun â€œdicatatâ€ ğŸ‘ğŸ»",0
@mazzini_gsp Apa bener duit yg d kasih Bupati itu upah buat buruh...apa mungkin itu uang sogokan buat bupati ..agar diam tidak macam macam ..karna buruh di paksa kerja,0
@mazzini_gsp Ternyata korupsi udah ada dari jaman dulu kala ğŸ˜‚ğŸ˜‚,0
"@mazzini_gsp @xxdbeijn Memang lebih sakit ditindas org lain dengan emblem â€œbangsa sendiriâ€
Dibandingkan dengan ditindas org lain dengan emblem â€œbangsa lainâ€

Sama2 org lain lho, tp di hati lebih nyesek",0
@mazzini_gsp Plot twist sekali ya bung sejarah negara kita ini,0
"@mazzini_gsp demi apasih, weh tmn tmn yg liat threads ini. Save di Bookmark ya biar ga trlalu kemakan 'kebohongan' pelajaran Sejarah.",0
@mazzini_gsp Pada su'udzon sama Daendels si...,0
"@mazzini_gsp KPK, mana nih KPK?

- Admin Obrolan Panas",0
@mazzini_gsp Korupsi sejak dini ğŸ˜­ğŸ˜­ğŸ˜­ğŸ˜­,0
@mazzini_gsp Rhomusha itu apa ada yg dibayar gak sih pak...??Rhomusha jelas2  mandornya pribumi...,0
@mazzini_gsp bupati ne korupsi ta critane,0
@mazzini_gsp oh wow baru tau,0
"@mazzini_gsp Fix, brengsek sedjak doeloe",0
"@mazzini_gsp @_prkjimin0113 kaaaaan kaaaaaaaaaaaan :"")",0
"@mazzini_gsp Bang, sebenarnya ini bisa di istilahkan renovasi/pelebaran jalan atau memang pembuatan jalan baru?
Krn sebelum proyek ini dikerjakan, sdh ada kerajaan2 besar pemilik wilayah itu yg mungkin saja sdh membuat/memiliki akses jalan.",0
"@mazzini_gsp Loh kok jadi seru yah baca sejarah kaya gini
Beda pas pelajaran sejarah jaman SMA
Hahaha",0
"@mazzini_gsp Udah mbangun , masih difitnah ğŸ˜‚",0
@mazzini_gsp Kan sejarah hanya dibuat oleh pemenang ğŸ˜‚,0
@mazzini_gsp Ya Allah padahal waktu SMP sudah suudzon ngutuk deandels di mapel sejarah,0
@mazzini_gsp Jadi selama ini kita kemakan hoax,0
@mazzini_gsp @dednboujee memang memang ckckckck @dednboujee,0
@mazzini_gsp Oh kayak gini ya a @Fiksionalis,0
"@mazzini_gsp Valentine bukan budaya kita, budaya kita adalah... ğŸ¤",0
"@mazzini_gsp Keknya Indonesia mmg dijajah saudada sendiri dari dulu sampe sekarang, hobinya playing victim",0
@mazzini_gsp Tipikel pejabat kita.....suka ngembat duit rakyat kecil,0
@mazzini_gsp Dari jaman dulu benih2 korup dah ada ya wkwk,0
@mazzini_gsp Jadi bupatinya itu siapa?,0
"@mazzini_gsp Saya baca link tsb. Saya tdk menemukan informasi, tekstual maupun kontekstual, bhw gaji pekerja tdk diberikan ke pekerja oleh bupati. Tdk ada data tdk dpt disimpulkan Bupati tdk beri gaji. Mhn klarifikasi agar tidak berujung fitnah. Maaf. https://t.co/M38LzKJrCz",0
"@mazzini_gsp Sejarah itu jutaan versi, jutaan org yg terkait dengan pembangunan jalan tersebut bisa menceritakan versi sejarah dari sudut pandangnya masing - masing, sebagian ada yg jujur, sebagian ada yg bohong, sebagian ada yg viral, sebagian jadi angin lalu. Itulah sejarah.",0
"@mazzini_gsp emang sejatinya masyarakatnya dulu yg harus dibenerin pola fikirnya agar jujur, biar ga banyak kejadian2 korupsi yg ternyata sudah lama dilakukan oleh leluhur kita",0
"Merasa tydac berguna akutu, kaya ginian baru tauğŸ˜­ https://t.co/bmmbj5288X",0
"Selalu seperti itu, problematic circle. Wkwkwk puluhan taun dijajah negara sendiri. https://t.co/SNO6WSPAVR",0
@mazzini_gsp Budaya korup warisan kompeni,0
"@mazzini_gsp Maaf ganggu ka, Mau bantu aku ngga kaa? Aku open commissions biasanya harganya 30-50k per person. Tapi lagi kejar target jadi untuk beberapa waktu aku buka harga dari 15k/person aja gapapa. Contoh gambarnya kaya dibawah. Boleh DM aku kalau kalian mau. Thank you â¤ï¸ https://t.co/aymfGSrndB",0
/aku yang di ceritain langsung sama nenek aku yg org belanda menyimak. https://t.co/lgKTz4hQwx,0
Uwaw..  Jadi ingin belajar sejarah lebih +++ https://t.co/P2DfhPV807,0
"pantes aja skrg gini, nenek moyang kita bukan seorang pelaut tapi seorang koruptor, jah https://t.co/OOXnQZFX2E",0
"Seneng sih bacaÂ² gini, jadi akhirnya tahu halÂ² yg kadang di sekolah itu gak ada https://t.co/25c2Rsi1Fk",0
astaga ternyata https://t.co/Tlmvg0vTIL,0
Tuhkan . . di paket mah di lebih lebihin https://t.co/Sx8gWgyHZH,0
"@collegemenfess Udah rame kemaren. Udah dibahas
https://t.co/nT1wApQQMe",0
@mazzini_gsp @DesviG Oh korup,0
@mazzini_gsp Berarti asal muasal korupsi dari situ ya waduhhh. Gw taunya kerja paksa,0
"@mazzini_gsp Apa di pelajaran sekolah sekarang ini dijelasin ya, atau ttep menjadi judul ""kerja paksa""",0
"@mazzini_gsp Musuh dlm selimut nyeremin bangetğŸ˜Œ
Ternyata malah jajah bangsa sendiri â˜¹ï¸",0
@mazzini_gsp astaga maafkan aku daendels huhuu,0
@mazzini_gsp @bumbumasakk tolong jelasinn,0
"@mazzini_gsp Guys ini keren bgt sih tp gw masih bingung, siapa yg ngungkap dan gmn kok bisa baru ke up?",0
@mazzini_gsp Jd yg menjajah sebenarnya bangsa sendiri,0
@mazzini_gsp Nenek moyangku seorang koruptor dong,0
"@mazzini_gsp yang terjadi dan dicatat, 
yang terjadi namun tidak dicatat, tidak terjadi namun â€œdicatatâ€ ğŸ‘ğŸ»",0
@mazzini_gsp bisa disimpuLkan dinegara ini korupsi adaLah cuLture,0
@mazzini_gsp @latifhid Hah konspirasi,0
"@mazzini_gsp Yah sama aja, mau yg Londo asli maupun Londo Ireng, yg namanya penjajah, pintar ngeles ngadu domba",0
@mazzini_gsp nenek moyangku seorang koruptor~,0
@mazzini_gsp Jika demikian berarti bibit koruptor dan keserakahan sudah dilestarikan dari nenek moyang?,0
@mazzini_gsp @tetestuang Penjajah sesungguhnya adalah kaum kita,0
"@mazzini_gsp Coba dia bukan kafir, difitnah ber abad2 pasti banjir pahala",0
@mazzini_gsp @EnggalPMT Gw tingal Deket Anyer Panarukan di kota Situbondo lebih dikenalnya Besuki. Gw be like ğŸ‘ï¸ğŸ‘„ğŸ‘ï¸,0
"@mazzini_gsp Maaf oot, buat teman2 mohon bantuannya barangkali disini ada yg bisa bantu aku untuk donasi ataupun share &amp; RT thread aku, soal anak kucing liar yang kaki belakangnya harus diakupuntur karena ada saraf tulang belakang yg rusak https://t.co/KE8pJXFlRz",0
@mazzini_gsp Daendels dipitnah sekian lama,0
@mazzini_gsp @Lilikelik kesian Daendels,0
@mazzini_gsp korupsi adalah budaya sjak dulu @blcksugarr_,0
Bung @MochAldyMA https://t.co/MEfZdFFT4h,0
@mazzini_gsp Emang jiwa koruptor payah,0
Mental korupsi emang udah ada dari leluhur https://t.co/6PJjHFs7Bd,0
"@mazzini_gsp bibit 
bibit   korup sudah tersemai 
jauh sebelum Negara ini berdiri.,ğŸ¤£ dan kita kini sudah  merasakan panennya korupsi yg sudah terpupuk sejak dahulu...",0
"@mazzini_gsp Jadi nama bupati yang memerintah saat itu siapa ya? Daendels nya aja disebut2 mulu masa bupati nya engga:"""")) jadi penasaran ğŸ¥º",0
@mazzini_gsp Siapa tuh bupatinya??,0
@mazzini_gsp Ilmu sejarah nambahâ˜ºï¸,0
Biasalah https://t.co/P8FZhdX3V9,0
"Ada yg ngomen, tweet ini dbikin kek seakan2 biar bersimpati sm daendels
Daripada itu, keknya w lebih fokus sm bbrp oknum indo yg dr jaman (diizinkan) dijajah oh gitu2 aja ğŸ¤£ğŸ¤£ https://t.co/JAewkj5XDW",0
"@mazzini_gsp Oke, berarti emang penyakit korup indonesia ada dari sebelum merdeka",0
"@mazzini_gsp Pertanyaannya, siapakah yg bertanggung jawab atas pembelokan sejarah di kurikulum sekolah"" ? ğŸ¤£",0
"@mazzini_gsp Kalau sejarah korupsi diindonesia dibukukan,  kayaknya tebelnya ngelebihin buku sejarah penjajahan",0
@mazzini_gsp @IndosatCare tai ajg lah sinyal penuh di paje ngegame ngelagnya minta ampun,0
"@mazzini_gsp Yaaa kyak di jepang, orang jepang aja gatau kalo dulunya njajah indonesia ditutupi keknya sama pemerintahnya, trus di indo bobroknya orang indo sendiri ditutupi juga gitu masa?

Cmiiw",0
"@mazzini_gsp Awal belajar sejarah kelas 5 sd, eh ternyata banyak yg salah juga yak",0
"@mazzini_gsp Klo bukan saksi sejarah yg ngalamin langsung dan berkomentar, 
Gak ada yg bisa saya percaya kesaksiannya, maap maap aja ni bang ğŸ˜„",0
Ilmu baru https://t.co/GQ0bErm094,0
Bukan daendels yang kejam https://t.co/P56R4PKmfi,0
"kalo ini emg bener, berarti dr dulu pun lawan kita udh negeri kita sndri, bkn penjajah dr luar lg :( https://t.co/xN0QavfsJ2",0
"@collegemenfess Nih pembahasan oleh bang @mazzini_gsp 

https://t.co/VfAU7JkDXy",0
@mazzini_gsp @kalcomine Hanya di twt aku mengetahui kebenaran sejarahğŸ˜­ yg gw baca di buku sejarah SMA selama 3 tahun berati fitnah Daendels dongğŸ˜­,0
"@mazzini_gsp Izin nitip ka, yuu jaket adidas dan pumanya cuma 100 ribu, semua topi (ada mlb, adidas, yankees) cuma 70 ribu aja disini ğŸ‘‡ğŸ»ğŸ‘‡ğŸ»

https://t.co/o2W5oKuIiT https://t.co/kAznSYfgrU",0
"kalo bener gini ceritanya kasian belanda, difitnahnya turun temurun :"") https://t.co/RtMUbCnHg7",0
"@mazzini_gsp Ini bisa lihat sumber atau catatan fisiknya di mana ya mas? Meski dikutip langsung dari sejarawan, tetap saja pembaca butuh referensi tertulis, mengingat dalam penulisan sejarah banyak distorsi.",0
@mazzini_gsp ternyata jiwa korupsinya sudah mendarah daging wkwkwk,0
"@mazzini_gsp Ternyata emang udah ada bakat dari sononya
kebanyakan bupati pada ngentit duit bantuan buat rakyatğŸ˜‚ğŸ¤£",0
"@mazzini_gsp Kalau bgtu perlu pelurusan sejarah ya @mazzini_gsp , É´É¢á´É´á´ Êá´ É´É¢á´É´á´ á´›á´˜ á´á´Šá´ É´É¢á´É´á´, maksudnya jangan sampai fitnah dalam mengungkap realita jaman penjajahan dahulu.",0
@mazzini_gsp @cara_mel29 owww ini,0
"Tulisan respon kepada orang yang malah minta maaf ke Daendels. Sekali penjajah, ya, penjajah! 

https://t.co/R77WQqAZyT https://t.co/3wBorXaATp",0
Gimana nih?? semalem sempet tranding cuma belom sempet baca https://t.co/MfdKWwAHBf,0
@mazzini_gsp Itu bupati bapak moyangnya siapa ya?,0
"@mazzini_gsp Kata siapa pekerja tersebut dibayar om @mazzini_gsp ?

Menarik untuk disimak berita iniğŸ™",0
@mazzini_gsp @tsuroiya Sumber beritanya dari mana....,0
@mazzini_gsp wow wow baru tauuuu,0
"@mazzini_gsp @TweetSrip_ Berarti rodi itu pembangunan infrastruktur biasa bukan kerja paksa
Kalo yang beneran ga dibayar setau gue romusha ğŸ¤”",0
@mazzini_gsp Oh jadi dikorupsi,0
@mazzini_gsp @EnggalPMT Emang budaya bagi membagi ini udh dari nenek moyang dahulu...,0
@mazzini_gsp Pejabat lokal lebih kejam dripada penjajah,0
@mazzini_gsp tapi kok di bukuÂ² mapel sekarah di sklh gada yg kasi tau kalo sebenernya dibayar... aku aja baru tah ini trs jg kan jadi ngerasa bersalah sm deandles hshs,0
@mazzini_gsp budaya korupsi emang udah dari jaman dahulu di negara ini ğŸ˜‚,0
@mazzini_gsp @naufal_adtyaa Iyakah?!,0
"@collegemenfess Yapp, sejarah yg kita plajarin disekolah kan bnyk yg ditutupin, dilebihin, dikurangin...
https://t.co/v4Bt68BHGw",0
"@collegemenfess Penjelasan

https://t.co/V5kyBUw8PJ",0
"@mazzini_gsp Guys aku minta tolong buat like video lombaku, makasih sebelumnya ğŸ¥ºğŸ’˜https://t.co/oCxZ1Hugt1",0
@mazzini_gsp jadi inget marley yang ngubah sejarah biar orang orang benci sama warga paradia,0
@mazzini_gsp Hmm pejabat sudah jadi koruptor sedari zaman kolonial,0
@mazzini_gsp orang indo dari dulu banyak yg jahat ternyata,0
"@mazzini_gsp deandels: â€œyak, gue aja teruuussss.....â€",0
@mazzini_gsp Ini Harus Revisi Buku Sejarah ğŸ˜‚ğŸ¤£,0
"@mazzini_gsp di youtube KTJ juga pernah ngejelasin pas bangun jalur kereta api pertama di Indonesia juga sebenernya dr atasannya jg ngasih upah gede buat yg kerja, tapi di korup",0
"@mazzini_gsp Seingat saya, sy pernah baca (lupa sumbernya apa), Daendels sempat kesulitan dana utk bangun jalan di area pantura (arah ke sby). Akhirnya Daendels mengumpulkan para bupati utk membicarakan hal ini dan disepakati para pekerja bekerja dianggap sbg upeti utk bupati. CMIIW",0
"@mazzini_gsp untung dosen pajakku dulu pernah bilang kalo daendels orang baik, yang jahat raja raja kecil, sama bilang kalo anggaran di APBNnya udah ada buat bikin fasilitas",0
Hah anjir... sejak dini ku sdh jadi badutğŸ™ƒ https://t.co/SwmsTwD9um,0
Wdyt? Emang korupsi di indo dari dulu dah mendarah daging :( https://t.co/6LeU7vQyzD,0
Pelajaran sejarahku jadi carut marut setelah baca ini ğŸ¥² https://t.co/9W5FuuMXBI,0
"ini bias sejarah. Memang Deandles itu anti korupsi, namun sebagai ""Influencer sejarah"" Harusnya juga diceritakan kejelekan-kejelekan kolonilisme era kepemimpinan Daendels. 

Kalau serame ini hanya bahas soal Anyer-Panarukan. Takutnya bakal menjadi bola liar. https://t.co/jg0Z2uU9wR",0
"@mazzini_gsp sejarah ditulis oleh pemenang, sedangkan sejarah itu sendiri ada 3. yg terjadi + ditulis, ga terjadi + ditulis, terjadi + ga ditulis. banyak bgt yg disembunyikan, kalo baca sejarah di LN ttg indo sendiri bakal keliatan banyak bgt perbedaan. -deandels: hai cape yaa? sama aku juga.",0
"@mazzini_gsp nenek moyangnya aja udah korupsi, ehhh lanjut dah ke generasi selanjutnya wkwk",0
@mazzini_gsp lah dikorup?,0
@mazzini_gsp Berarti korupsi membunuh kita dari dulu ya.,0
"@mazzini_gsp Terus begini ini kita masih menjalin Hubungan â€œBaik ..!! Ini â€œluka sejarah para leluhur yg harus nya tdk di abaikan .. saya pun tak akan lupa ..! Hancur kita o Belanda, bahkan â€œpelajaran sejarah banyak yg d simpang kan ..! Hasil nya spt skrg, Kita tdk kenal â€œleluhur sendiri",0
@mazzini_gsp jadi emang korupsi sudah ada sejak dulu ya,0
"@mazzini_gsp dari 1000 km jalan yg dibangun, di bbrp titik ditandai dengan pal (dlm bhs belanda paal) artinya tonggak... pal merah dll...",0
@mazzini_gsp jadi inget marley yang ngubah sejarah biar orang orang jadi benci sama warga paradis,0
"@mazzini_gsp Hmm ngecek di wikipedia ada penjelasannya sih. Tidak dibayar~ karena dana 30K gulden itu habis ditengah jalan. Bupati diwajibkan sedia tenaga kerja gratis.

https://t.co/JgBOyGju1K

Kalau boleh tau ada bukunya penjelasannya ga ya. Penasaran. Saya ga gampang percayaan orangnya",0
"@mazzini_gsp Ternyata daridulu kita udh dijajah sm sodara sendiri, guru sejarah sm penulis buku sejarah dpt dosa fitnah gak ya?",0
@mazzini_gsp udah belajar sejarah wajib sama sejarah minat 3 tahun tahunya beda sama kenyataan wkwkwk,0
@collegemenfess kemarin baca disini sih https://t.co/0anDteV0mn,0
"@danseuuu btw, ini bener dans https://t.co/g5GuvmiA3F",0
"Susah susah belajar sejarah, ternyata salah https://t.co/fZlvEL81u5",0
Alhamdulilah ini udah pernah diceritain papa. https://t.co/AEmwf88dvs,0
Sejarah ditulis dengan sudut pandang para pemenang perang https://t.co/OQj648OOrG,0
"Cek Reply nya lgsng speechless, ada yg langsung cap Daendels itu baikğŸ˜­ https://t.co/IuIlp0NxL6",0
"Nenek moyang ku, seorang koruptor~ https://t.co/TL7w1us3us",0
Guru sejarah waktu SMA pun bicara hal yg sama https://t.co/R3P0CLTJUE,0
"Jadi, yg dulu taunya Deandels jahat taunya yg jahat malah bupatinya? Wah sejarah bisa plot twist juga ğŸ˜¶ https://t.co/OshiYUubEl",0
"Kalo ini bener, berarti korupsi udah menginfeksi sejak jaman Belanda atau bahkan sebelumnya. https://t.co/YHDODV5LNG",0
"@tinyjinnie12 Coba baca di sini
https://t.co/egnPVDYGKj",0
"Yang bikin kaget pas baca Max Havelaar itu fakta kalo kompeni, dan nantinya kolonial, sebenernya bisa langgeng karena mengeksploitasi struktur feodal yg udah ada... https://t.co/LIwIFtKfRk",0
@mazzini_gsp Nama bupatinya Juliari Batubata bukan mazz?,0
"Kasian, Herman Willem Deandels difitnah selama 3 abad https://t.co/w6UrLWLpWk",0
Habis baca thread jadi pengen kelarin baca ini deh https://t.co/XMGJ7CR8VL https://t.co/eOpTd6BWLB,0
yaakk memang dari jaman dulu uang selalu berenti di atasan ya ğŸ˜Š gendut gendut sendiri di atas penderitaan anak buahnya wkwkwk lucknut https://t.co/DVDJJgSAPi,0
"Bener2 menarik,,, https://t.co/fL7eDjnngO",0
"sumpah gua dulu sempet mikir gini asliii, yaap korupsi sudah tertanam dari dulu https://t.co/5Nj1QegD6W",0
"@collegemenfess Ada yg udah bahas, ini yaa
https://t.co/MN5uu56Yun",0
"Bentar, jadi gimana? https://t.co/GSz90Hmzpd",0
"@collegemenfess iya bener baru semalem baca ini
https://t.co/BTavT5ZCO0",0
"kalo teori ini benar adanya, 
bisa jadi ""penjajah"" yg dimaksud bukan mereka para pendatang, tapi... PRIBUMI sendiri https://t.co/VmkdTMHocB",0
"dan kayanya cerita ini gapernah ada di pelajaran sejarah jaman sekolah dlu
kasian deandels difitnah selama ratusan tahun https://t.co/T9OjqVZplW",0
HAHAHA korupsi sedari Indonesia masih zigot https://t.co/JAgAfu4zIy,0
Slama ini saya blajar sejarah salah https://t.co/axWLAYaATq,0
"@RezaMuhammadN simaken thread iki, zak. lanjutane https://t.co/kKgxD0j7ki",0
"""Nenek moyang kita itu bukan pelaut, tapi koruptor"" - deri https://t.co/C4PTg9xwcl",0
"Gila ya, budaya korupsi udah dari jaman dulu ges https://t.co/9dpK2o5O6j",0
"Ciahh daendles di citrakan buruk oleh sejarah untuk menutupi kebusukan pejabat jaman dulu. 
Udah korup sejak dulu ternyata https://t.co/sJVWAvYECK",0
darah korupnya udah dr sebelum merdeka ğŸ˜”ğŸ˜” https://t.co/MQrvHfPX36,0
Yaelah. Bro. ğŸ¥² https://t.co/RH7C7hly4d,0
Boro2 pelurusan sejarah Daendels ini bisa dilakuin.. pelurusan sejarah 65-66 yg belum  nyampe seabad lalu aja gak kelar2... https://t.co/WSe8ThxuDA,0
@collegemenfess Ni aku baru baca ini semalem https://t.co/hAbranFuzv,0
baru tau skrg ğŸ˜‚ https://t.co/NjhMg1dQP6,0
baru paham sekolah bertahunâ€ https://t.co/b3RyAf3BqA,0
demi apa gua umur segini baru tau https://t.co/zslUxIHDka,0
Cikal bakal koruspsi? https://t.co/9AgFGp6BRj,0
Penjajah itu sebenarnya orang lokal sendiri. Poor DEANDELSğŸ˜Œ https://t.co/Q63F3ZrJA2,0
Hmm... menarik https://t.co/1mKaLi1dVG,0
tipu-tipu??? https://t.co/t7gkfuw6Ed,0
Indahnya budaya asli Indonesia https://t.co/458h03Bvlu,0
speechless... selama ini gwe kena tipu dong ya https://t.co/Gei7WPwMPs,0
Sejarahwan yg nyoba nyuci otak anak2 sekolah dosa besar lu ke daendels. https://t.co/wP0hKLmlFY,0
Satu lagi sejarah yg dipelintir di buku pelajaran. Korupsi pengadaan udah mendarah daging dalam nadi Inlander. Smoga tidak tenang di alam kubur sana! https://t.co/cM11KAibcE,0
Selama ini gue udah seudzon sama daendelsğŸ˜­ https://t.co/jDY74oOi7M,0
@collegemenfess Nih baca ini deh https://t.co/bi5IoT1YlO,0
Difitnah sejarah. Kasian kasian https://t.co/WrkWGKpvA5,0
bul jebul. sat. https://t.co/9YpuDaCpoW,0
Emang udh bibit koruptor dari jaman baheula https://t.co/5y9cc25sK5,0
JADI YANG SELAMA INI GUA PELAJARIN... https://t.co/YlCzoyPJev,0
"keep dulu ah, ntar gua baca https://t.co/0CaGreBj1w",0
Nah ini ini https://t.co/MO6lvoQfsr,0
Loh br tau ....kesian jg daendels udh jd korban fitnah sejagad Indonesia selama ratusan tahun ğŸ˜… https://t.co/P5NzLnYfD7,0
"Sementara di sekolah2 kita diajarkan bhw yg jahat dan penjajah itu belanda.pantesan 3,5 abad kl ky gini mah.peyok https://t.co/CmYo97YQRP",0
"Alasan mengapa bisa dijajah begitu lama, ya ini https://t.co/SLnSgLzisq",0
"@collegemenfess Kemaren dibahas sama bang @mazzini_gsp 

https://t.co/qOhnbwUmzB",0
"Parah sih kalo beneran, Ada sejarah yg belum pernah dibahas juga pas pelajaran https://t.co/O0Fz4xXQg6",0
"Lek membaca sekilas sejarah anyer-panarukan. Mesti inget buku karya pram (jalan pos: Jalan Daendels) yang sekarang menghilang mboh di selang sopo.
Balek no he buku ku!! Yang merasa pinjam. https://t.co/ZTJub1WDPz",0
Nenek moyangku seorang koruptor ~~ he he https://t.co/0vLm9HT0LD,0
Semua sosmed lagi ngomongin ini ya.... https://t.co/OYauoY3y0m,0
Wew baru tau https://t.co/51mjbY7UVJ,0
Jaman dulu belum ada KPK dengan OTT-nya sih.... https://t.co/y4Qah6QWmJ,0
"Yuk yang nulis buku paket sejarah sd-smp-sma-kuliah, segera direvisi. Kasihlah penjelasan yang sebenarnya, kalo emg ternyata oknum dari bangsa sendiri yg suka korup https://t.co/HYqGsQEEz3",0
@collegemenfess Kalo dijelasin pasti byk bgt referensi dri bukuÂ² terutama yg ngebahas daendels. Coba liat disini nder https://t.co/Ba8fPOc2CX,0
"Berarti yang jahat orang pribumi sendiriğŸ˜­ğŸ˜­ğŸ˜­
Jiwa korupsi sudah mendarah daging. Nan666is https://t.co/kOvGI0okzj",0
ternyata dari dulu dah kaya gini ğŸ˜ https://t.co/ExezOyTZVY,0
Kebiasaan dari dulu nih ya ada beberapa pejabat publik doyan nilep @mazzini_gsp https://t.co/wKZmGK10HC,0
"Mental maling, perampok dan korupsi di Indonesia emang sdh mendarah daging dari dulu. Makanya susah banget dihilangkan @senja_xx https://t.co/BuuBZV5irY",0
"Daendels didalam kubur : ""Akhirnyaa...."" https://t.co/UwRDqSLmLV",0
"Seinget ku, buku pelajaran sejarah di sekolah ku nggak ada yang bunyi giniğŸ‘‡ğŸ»ğŸ‘‡ğŸ»ğŸ‘‡ğŸ»

Tapi, setelah melewati berbagai macam sisi kehidupan, kok menurut ku ini yang lebih masuk akal buat dipercaya ya? ğŸ¤”ğŸ¤”ğŸ¤”

Dan sampai sekarang, gaya2 kayak gini masih ada. Dan aku lihat sendiri ğŸ˜ğŸ˜ https://t.co/Z1MfjrZrIu",0
"baru habis baca senja di jakarta dan semakin jelas sih, sbnernya kkn diindonesia itu turun menurun dari jaman baheula, sebenernya aing g kaget2 bgt https://t.co/gqRTA5H847",0
"*dari yang gw baca

Maaf typo",0
"@sweetcactuss Londo gosong, istilah lama orang jawa pada jamanya. Istilah yg ditujukan buat rang2 pribumi yg punya jabatan lebih tinggi dari pribumi biasa. Mereka ngambil keuntungan pribadi dari Belanda. Ya, bodolah rakyat mau gimana2 ge, yg penting uang. Jadi yg jahat pribumi juga?",0
"Kalau gw bayar ke kontraktor software yg murah buat bikin software lah ya, tapi gw tau kalo mereka kultur kerjanya toxic, bayar programmernya dikit banget, dan maksain lembur mulu, gw salah nggak?",0
"@Kopi_laut para pekerja yg meninggal biasa dikuburkan tdk jauh dari lokasi proyek. lalu muncullah istilah "" tumbal proyek "".",0
"@angkringandotco ada dong, tapi  khusus buat Londo Ireng",0
"@NaylaAzkiaa @_andy_ch Ga' gitu juga, dunia ini di huni oleh baik dan buruk. #kodrat",0
"@indra_agusta Sementara proyek infrastruktur jalan pos Anyer-Panurukan sudah sedang berlangsung, gak mungkin dihentikan. Juga harus dikebut karena kepentingan perang, armada Inggris udah mepet terus di selat Malaka.
Tapi kasus korupnya banyak dan sudah mendarah daging.

Mumet, mumet ni orang",0
"@zuriat_fadil Betul kak, sekaligus negasin bahwa segala yg terjadi disini juga efek dari perang panjang Inggris - Perancis, yang akhirnya nyerang Belanda juga 1749, kalah dan Hindia adalah tanah koloni prioritas, 1800 VOC bubar. Tapi trus perang 1810 di Mauritius Perancis kalah, ~",0
"Tp karena tidak adanya dokumen/data korban dr jalan pos. Yawes, akhrnya kesimpulan korbanya ga banyak. Padahal, banyak yg mati kelaparan. Mati malaria, karena yo yopo yo. Nguras rawa dan menempa gunung. Banyak data sejarah yg hilang. Entah ga ke catat atau memang dihilangkan??",0
Lahh??? Selama ini gw diboongin buku sekolah dong? ğŸ˜‚ https://t.co/nuU2X3A30Z,0
kasian trnyata slama ini daendels terfitnah:( https://t.co/RdNHXuS0ZH,0
Korupsi mendarah dagingğŸ‘ğŸ¼ https://t.co/WwWTICcY4G,0
"Terkait bener apa enggak, tapi bisa jadi sih. Thats why Indo ga berkembang. Belanda sibuk membangun negeri, Malah dijajah ama Pak Bupati sendiri yang mungkin juga pribumi. Sekarang pun ttp kyk gini juga si. Dana dikorup Kepala Daerah &amp; Pejabat pilihan rakyat LOL ğŸ· https://t.co/zAnLtfs5hK",0
berarti yang selama ini pelajaran di buku sejarah salah dong https://t.co/2nEv7PHrqw,0
Baru semalem doi bahas. Tadinya bingung apa iya ternyata benar https://t.co/hyAKSvOmSe,0
"Bangsa koruptor, sudah mendarah daging sejak zaman dahulu kala. Wkwkwk https://t.co/hHf4sIX7BT",0
mengandung plot twist https://t.co/BlWyF0NgOd,0
"Waaaww.. jadi gituu, budaya korup telah mendarah daging serta turun temurun ğŸ˜… https://t.co/FkSASvJ7uB",0
turun temurun yah budaya ini ğŸ˜Š https://t.co/HZMUuzoRSP,0
Memang2 penyakit lokal dah nempel dari para buyut2nyağŸ˜‚ https://t.co/MZjGmPkDrr,0
"Penjajah gk selalu dtg dr luar, buktinya ini ğŸ˜‚ selama ini kerja paksa yg kita tahu, ternyata di korup sama org lokal, makanya buruh nya gk di byr ğŸ¤¦, penjajah sbnrnya adalah org dalam sendiri ğŸ˜‚, apakah skr msh? ğŸ˜¶ğŸ˜¶ https://t.co/gOH0fX4IX6",0
Belum ada kpk masa itu https://t.co/BqKkIXgO1G,0
"Dari Shingeki no Kyojin belajar buat ga gampang percaya sama sejarah yang tertulis dan diedarkan. Kenapa? Supaya gak salah naruh rasa kesal atau benci, yang mana kebenarannya sendiri juga belum tentu aku tahu. https://t.co/bSNr4yJ8oP",0
"sejarah yang kita pelajari kayaknya sudah dibungkus seindah mungkin dan hanya mengambil dari pihak kita.

ingat kata2 ""kita buruk dicerita orang lain"" ya mungkin spt ini. 

blm pernah baca sejarah indonesia di buku belanda atau jepang. Katanya tidak semanis cerita https://t.co/zf0gTGNDgk",0
Bener berarti kata guru sejarah gue.. https://t.co/ALQ7T69vEo,0
Kayanya korupsi tuh genetik ya. https://t.co/pDayQsvsXS,0
"@collegemenfess Kalo mau baca lebih bisa berkunjung kesini, di komentarnya banyak yang bagi link artikel terkait 
https://t.co/HZU55MVd8A",0
"@collegemenfess bener, baca threadnya bang mazini https://t.co/0jrohQQ5Nr",0
Nih adik2 yg masih sekolah. Sejarah jangan baca dari buku pelajaran doang. Nyesel kalian pas kuliah nnti nemu banyak2 bgt fakta yg gak sesuai sama materi sekolah. https://t.co/3QpHgVlGno,0
daendels bisa dapet pahala gede bgt krn difitnah satu negarağŸ˜” https://t.co/I1Zphb6tFo,0
"Korupsi dana Bansos gak ada apa-apanya, dibanding Korupsi dana Bikin Jalan Anyer-Panarukan. Rakyat Sengsara, Yang disalahin Daendels pula dan lagi masuk sejarah Sebagai Kerja Paksa. https://t.co/iUyUHNrpxX",0
Miapaaa https://t.co/uf3Mm3P2uL,0
"@collegemenfess Nih nder
https://t.co/xOiEgiOH48",0
"Weit seriusan banyak yang baru tau soal ini ğŸ˜³ğŸ˜³ğŸ˜³

https://t.co/2pYnm2CfpA",0
woanjing https://t.co/ISwMywOoXN,0
"@collegemenfess ini thread nya
https://t.co/h8Jch5V6ay",0
banyak fakta yang berubah juga berdasarkan penyampaian turun temurun... https://t.co/F8kl1ofWti,0
"plot twist parah si ini
fix #DaendelsForPresident https://t.co/Jp0G2vSxts",0
@mazzini_gsp nenek moyangku seorang koruptor,0
"@collegemenfess https://t.co/fSRycbA03x

Nih nder sudah dijelasin",0
"Budaya :
Gotong Royong                     âŒ
Korupsi                                   âœ”ï¸ https://t.co/hhRS5dm0Oz",0
"@collegemenfess https://t.co/VjgD7yq8X4

Ini ada sedikit thread dr mazzini n jg beberapa bukti yg disertai dr beberapa sumber di dalam rangkaian pembahasan di threadnya",0
loh kan. wong indonesia iki loh unik asline wkwk. cok pole sungkan lek ketemu wong londo lek ngene ceritaneğŸ¤¦ğŸ½â€â™‚ï¸ https://t.co/6S4ibTZ3KO,0
Apakah pak nadiem melihat ini?kira-kira bakal diapain ya pelajaran sejarah ğŸ§ğŸ§ https://t.co/doPaAzhJsv,0
wow sebuah plot twist! jadi bertahun-tahun aku suudzon sama om daendels https://t.co/FYByBdh047,0
"Lalu, sebagai guru saya harus menjelaskan yang mana?
Adakah buku teks sejarah baru? https://t.co/haWyOsXuap",0
penjajah asli ? kita https://t.co/ngVM0FUXIU https://t.co/ZGAGkQzzQ2,0
"9 tahun sekolah ak dibodohin sama pelajaran sejarah dong selama ini ğŸ˜­ğŸ˜­ ini bljr dri sd smp sma ad, tpi yg dikasih tau... ah sudahlah yg pnting skrng dah tau kebenaranny :') https://t.co/vUUuj2T927",0
@collegemenfess ini nder thread dari op nya ğŸ‘ https://t.co/cwv3aQSsCC,0
"@collegemenfess nih nder, kemarin ada yg jelasin

https://t.co/z9xj9j4VQb",0
harusnya kurikulum sejarah dibuat ulang ga si??? dr sini aja udh banyak yg melenceng gimana materi yang lain.... https://t.co/f0hJirofqu,0
thankyou bupati telah merubah konten sejarah bangsa ini https://t.co/uJM7XKMtmu,0
"the hidden truth, berarti emang udah mendarah daging ya korupsyen di Indonesia. otw pindah ke BruneeiiğŸ¥³ğŸ¥³ğŸ¥³ https://t.co/z12OS98ezT",0
ck sia sia nuduh daendels mana bukunya tebel bgt https://t.co/d088Fz4h2O,0
"@tanyainrl Iya nih
https://t.co/737vVa2B2u",0
Ga aneh ud mendarah daging https://t.co/uaaCgnDYmC,0
"Mungkin
https://t.co/QCYlyV3n7s",0
DEMI APA BUKU SEJARAH NGEFITNAH?!ğŸ˜’ https://t.co/tmcAUh3DPn,0
@sebuahkoral @teddyslfc Nih de ternyata udah ada penjelasan lengkapnya https://t.co/ukSbLoC9Hd,0
"Jadi korban fitnah akibat korupsi...
Man... This country is so disappointing since long time ago https://t.co/EnVLoKoucT",0
"nah loo, banyak yg belum tau kan https://t.co/HZjET3yiKC",0
Sejarah dibuat oleh pemenang https://t.co/xSI5RVT4Be,0
@mazzini_gsp Perlu minta maaf sama keturunannta Daendels ni ğŸ˜…,0
"dari dulu sudah korupsi ya ternyata,,, https://t.co/gqDgx4g9tz",0
Teman teman IPS ku harus baca ini https://t.co/iZxGEKvIY2,0
ternyata tradisi nilep uang rakyat udah ada jaman dulu. https://t.co/mxKrXNipaN,0
info yang sangat bermanfaat https://t.co/XcfYutYnGf,0
Berarti selama ini..... https://t.co/JMJc553Ky4,0
Kasiannya dia dikira jahat padahal bupati yang korupsi. https://t.co/LSwkUrN3ec,0
Ternyata budaya korupsi itu sudah turun menurun yak https://t.co/RrOvcVvviE,0
"Aku tertipu
Aku terjebak
Aku terperangkap muslihatmu https://t.co/1bee182n0D",0
Hmmmmmm ternyata bener toh gitu https://t.co/4CdJz1cCaZ,0
Betul. Kalo nggak salah inget di buku sejarah disebutkannya mereka dibubarkan karena banyak yang korupsi deh ğŸ¤” https://t.co/Gm5isoNrII,0
Musuh utama: korupsi. https://t.co/RGWYIeu4D7,0
ini tuh gara gara bureaucracy gak sih? yang ngasih kebijakan juga ke bawahannya dari pusat? https://t.co/Vgabpa2NpK,0
Aku quote lah..oz aq emang suka banget baca sejarahâœŒï¸ dulu pas sekolah juga mapel sejarah kadang nilai paling tinggiğŸ˜ biar nanti bisa di baca lagi pas senggang https://t.co/jWTzPl1WZg,0
"Bayangkan lo memaki-maki seseorang, taunya lo memaki-maki orang yang salah. https://t.co/R66RJ2vyBr",0
"@collegemenfess buat yang penasaran ini dibahas ama mas mazzini
https://t.co/kMUC3BiJTe",0
"@ariel_heryanto Liat twit ini semalem, ternyata sejak dulu..

https://t.co/vxq9MtWp1K",0
Baru banget semalam dibahas sama kang Ricky https://t.co/3WLrnhPWWU,0
ok buku latihanku seharusnya diganti jawabannya https://t.co/KCcNrYxkzK,0
"Sistem kaya gini yg sampe skrng masi banyak dianut dan bikin dana ke bawah makin seret, semoga dgn perkembangan zaman dana dari atas bisa didistribusikan secara merata ke setiap pekerja dan mengurangi korupsi tentunyaa https://t.co/gLJ1EYCoEf",0
dah ada dr jaman dulu ternyata https://t.co/0xgcvvRMTU,0
"memikirkan berapa pahala yg Daendels dapat selama ratusan tahun jd korban fitnah,,, https://t.co/ObrIzmmvEA",0
@mazzini_gsp @Rojali941 Sekarang bupati lagi diapain.. dasar Londo Ireng,0
Gak heran lah ya banyak k o r u p s i sekarang kan dari pendahulunya juga gitu. ğŸ¥° https://t.co/f9wD1oBTC3,0
"@collegemenfess ini nderr langsung baca"" aja sumber dsri tweet bang mazzini 

https://t.co/Jezdb2g6oM",0
Ntar dibaca lagi https://t.co/PoNacjALKq,0
"Eh, kirain ini udah banyak yang tahu ğŸ‘€ https://t.co/FlFq9gG0Td",0
"Wah aku anak ips tapi aku baru tau, alias aku gak seneng sejarah hehe (: https://t.co/nZ94sP25Ym",0
@tanyainrl aku kemaren baca disini https://t.co/CjoRMEx7KF,0
menarik .. https://t.co/oqK7XYcUAG,0
@collegemenfess Siapa tau butuh bacaan https://t.co/p10K9yKOPx,0
"Baca rep2nya jadi mikir, berapa banyak orang yang tau tapi dibungkam dan org2 yg dulu berkuasa membuah sejarah yg dipelintir buat orang2 skrg https://t.co/BXWFp9NMq0",0
"budaya korupsi sejak zaman penjajahan. 
siapa pelakunya?? menak. borjuis setempat. kelas penjilat sesungguhnya. https://t.co/uwlFubTrYx",0
"@aryo_dipangga @Cyber_kawaii008 @Cobeh09 Bener pake banget
https://t.co/G98VcUocPR",0
"Wagila banget sih ini, dr sd sampe lulus sekolah dicekokinnya apa eh nyatanya apa gilaaaa plot twist bgt https://t.co/2e6OQrL5jO",0
"@collegemenfess bener nder, nih ada tritnya

https://t.co/TfBFh4Xskj",0
"Daendels thought: ""mana sempat, keburu telat.""

ğŸ¤ğŸ˜„ https://t.co/mR5vx9MKMC",0
sejarah adl rekaan para penguasa -bu harmini https://t.co/K1G3X6YLuz,0
Korup sedari dulu gitu mksudnya? https://t.co/qDcUi3seHM,0
Ternyata selama ini belajar sejarah isinya boongğŸ¤” https://t.co/fd2yNpiywG,0
Kasian Deandles selama ini kena fitnah ğŸ¤£ https://t.co/lz922IoNkE,0
sudah korup sejak zaman kolonial https://t.co/IMZfZndHCL,0
sebuah plot twist https://t.co/i9cRp8AKu7,0
Nenek moyangku seorang koruptor :') https://t.co/Ty0mSDwmF3,0
Dari jaman blm merdeka aja udh ada jiwa2 koruptornya wkwkw. Emg kacau deh ğŸ˜‚ https://t.co/IfGHkcjdKs,0
@mazzini_gsp Korupsi sejak jaman dijajah lol,0
"Pagi2 sarapan sejarah gaes, tumben bet ah eim ğŸ˜€
Jadi pengen baca buku
#sejarah https://t.co/E7NeFSUvNO",0
@mazzini_gsp Spill nama bupatinya cepat,0
Jadi yang kemarin-kemarin itu dijajah bangsa sendiri...........? https://t.co/oRf3ILnFBz,0
Ajg pelajaran IPS ku pas SD hanyalah sebuah kebohongan belaka https://t.co/UL8RpapPBr,0
"Jadi intinya, budaya korup memang sudah mendarah daging di kalangan pedjabat priboemi kala itoe https://t.co/vjQYVI3XAY",0
Korupsi jaman kolonial checckkkkkk https://t.co/VFHkwBwPCw,0
@mazzini_gsp @moladelle Tapi saya ucapkan terima kasih kepada jalan raya daendels akhirnya saya kalau keluar kota gampang walaupun banyak kisah sedih dari jalan anyer panarukan,0
Lo emg gitu kan? Jadi? ........ https://t.co/BvDRfMfbWX,0
"@mazzini_gsp Perlu dicek lagi buktinya seperti apa, karena selevel kompeni, bikin surat tanda bayar gaji, bisa aja uangnya ga turun",0
"ini yg rep belanda ga jajah indo astaga, ya ttp ngejajah lah asu cm ada campur tgn pribumi juga, namanya sejarah pasti di otak atik pemerintah, sm aja kaya jepang banyak anak mudanya mana tau negara nya dlu beban negara org https://t.co/zLdX8fry8G",0
"Ternyata penyunatan dana kepala daerah dah ada sejak dulu, hingga akhirnya jadi misinformasi berlangsung lama..
udah gitu, jadi pelajaran dikurikulumkan di sekolah..

cultuur stelsel
kerja rodi

mirisnya, prakteknya masih murni terpelihara hingga jaman skrg
pesona indonesia https://t.co/PynWTwevuw",0
@collegemenfess https://t.co/JFPZrLbeSG disitu nder lagi rame juga semalem,0
"Yaallah selama ini kita di hoax in ama buku sejarah :""( dah suudzon ama Daendels bertahun2 https://t.co/rCgF333GJJ",0
"@collegemenfess monggo dibaca dari bang mazzini

https://t.co/uzsBq9HBSx",0
@collegemenfess Ni keknya yg dr tiltok jg ambil dr thread ini https://t.co/Z4RT3EMlL7,0
"Gue denger cerita ini dari guru sejarah di GO, dan banyak cerita lainnya yg beliau ceritakan yg ga pernah gue temuin dlm buku sejarah di sekolah. https://t.co/ceCAybS606",0
duh duh https://t.co/ct1B2OU7b2,0
hm baru tau https://t.co/kVDV5jAGv9,0
"@Kriukentang @collegemenfess https://t.co/5i2MqeRpIT

Ini kaak",0
"Astagfirullah. Maafkan ya om daendels. Kalo ini benar, saya udah suudzon sama sampeyan â˜ºï¸ https://t.co/1S3C0SHtui",0
Semangatku belajar sejarah nyala lagi https://t.co/BuyudBmulR https://t.co/mtKRLGm3fq,0
Jadi selama ini.... https://t.co/DYADYDgYJq,0
Kenapa seru?! https://t.co/zaijvvP0tT,0
Penghiat bangsa begitu bang https://t.co/LcxYSQfeHs,0
Manakah sejarah yg sebenarnya? https://t.co/5niILFc8ZI,0
"@collegemenfess Yup bisa diliat di thread ini. Deadline dikenal galak karena memberantas korupsi. Kekejaman bupati kaya gitu juga bisa diliat dari film Max Havelaar
https://t.co/t1OyoXB7gy",0
Deandles ratusan tahun kena fitnah ğŸ¤­ğŸ¤­ğŸ¤­ https://t.co/tBjQ1DjC6h,0
Uwooww https://t.co/nGdGq31fAB,0
Gue mesti percaya yg mana jir ğŸ˜¥ https://t.co/W6LiMa3G01,0
Lebih sulit melawan bangsa sendiri memamg sudah dari dulu adanya https://t.co/ktsWqhgq3L,0
@collegemenfess Coba baca di sini nder https://t.co/oKVIXjBBnX,0
jd slama ni nenek moyang kita udh korupsi https://t.co/LxZmS0FBcS,0
@ratatouillee___ @collegemenfess Ada thread yg lewat sist kemaren wgwg https://t.co/BW8PofDHaK,0
@collegemenfess Nih nder https://t.co/ruhdCBLs53,0
Waduh gimana ini yah soalnya udah tercatat di buku sejarah kalo para pekerja jadi buruh paksa https://t.co/3FKtqllrPC,0
"@collegemenfess nichhh baca di sini

https://t.co/TtgyW7Fq9J",0
"My life is a lie ğŸ˜

 Menyedihkan, ternyata emg udah dr jaman dulu pejabat Indo/nesia demen korupsi https://t.co/kmGyJSwjGy",0
"Sudah sejak dulu ya, kebiasaan kentit-mengentit ini ğŸ¤” https://t.co/2hy0ojPIHW",0
"jujur gue gak tau mau percaya yang mana, dengan adanya teknologi juga gak memungkiri bahwa bangsa lain bisa aja menjajah bangsa kita lewat ideologi. i mean, fakta bisa aja diputar balikan. jadi rasanya mau percaya sama enggak tuh kayak 50 : 50 https://t.co/OcT1DRQ1GN",0
"Fakta baru yg gaada di buku sejarah sekolah :"" https://t.co/0HRX1q8BH2",0
Jadiii selama ini Daendels jd korban fitnah dong ğŸ˜© https://t.co/JHC0lMOn8p,0
Korupsi adl budaya kita ğŸ˜¬ https://t.co/hW60ecDOQu,0
bukti kalo aku bisa belajar sejarah dari twitter https://t.co/wAxAu1KzMj,0
Sejarah yg mulai tersingkap kebenarannya ... tabiat mental ngarong ternyata dr dl https://t.co/og8qCEs3LB,0
nenek moyang ku hobi playing victim dan korupsiğŸ¤­ https://t.co/WbiWInnkFf,0
Fakta sejarah yang dimanipulasi https://t.co/eOOWCXHvjg,0
"Ini kalau dijadiin kajian asik nih tapi udah nggak aktif sih gue, jadi yaaaa udahlah yaa https://t.co/iNzaW8NXke",0
Wqwq dahlah korup sejak dulu https://t.co/T6SV4E4lpy,0
@collegemenfess https://t.co/JuWOcSz2Yi kemaren Twitter jg udah bahas ini,0
"Jadii klo ada koruptor ditanyain alesannya korupsi tinggal bilang ""maap, kebiasaan korupsj mengalir di dlm darahku"" https://t.co/5gvvFVtVQd",0
"@collegemenfess Iyak betul
https://t.co/WlqZWVmCVG",0
Baru tau https://t.co/9p1e3AQ0yO,0
Ternyata. Korupsi sejak baheula. https://t.co/nycgudwc2L,0
jadi... pelajaran sejarah selama ini tuh... https://t.co/t7SH8pWyyR,0
Nilep duit sejak dulu kala ~ https://t.co/wFCMCAkO97,0
Sebuah plot twist https://t.co/xjaEe2lul3,0
"Wahh gila... Kok bisa2nya yg hal besar kaya gini gamasuk dibuku sejarah? :"") ğŸ˜­ğŸ˜­ğŸ™ https://t.co/6b2jrlCYYV",0
peter cs mungkin bisa membantu ğŸ™ https://t.co/P4Bmd9MzA7,0
"@collegemenfess Bisa baca thread ini, semoga membantu 

https://t.co/2YY6m1OBb8",0
sangat patut di bookmark https://t.co/jFohtYVVKR,0
Ternyataa udah dari jaman dulu ye https://t.co/X5LiGUKmrv,0
@undipmenfess Ini sejarawan yang bales https://t.co/EuZBAZ4nIA,0
mendarah daging dari jaman dulu ğŸ˜Œ https://t.co/aj0jytiNS2,0
waw menambah pengetahuan ğŸ¤“ https://t.co/mJG9DI26Eg,0
Jadi gituğŸ™ pak war tau g ya hm? Ntar lah nanyaa https://t.co/lKCiXpHk9R,0
Emang dari dulu udah korup yaa jangan heran kalo kasus beginian panjang umur di Indonesia https://t.co/qJ8ukU24FG,0
tp emang iya sih ini. tapi waktu itu yg aku tau pajak.. jadi pajak itu jadi tinggi banget gara2 beberapa persen buat kaum bangsawan sebelum disetor ke belanda. dari sini aja udah jahat bgt fak wkwkwkwkwk https://t.co/MKUVfuTZrh,0
Praktek beginian dah dari dulu ternyata https://t.co/OMREyZBsQw,0
Seru nih keknya buat topik debat https://t.co/8XqV5mdD8i,0
Oh jadi selama ini yg ngejajah itu org indo https://t.co/hZr2ovXubQ,0
Rupane sudah jadi tradisi sejak nenek moyang ketika ada dana gak nyampe ke lapisan bawah ğŸ˜… https://t.co/W7feefNwIK,0
"@Sicchisaki @collegemenfess https://t.co/Ee3UEMf2oV
kemungkinan mereka baru baca dari twit ini, soalnya kemarin baru ada pembahasan ttg jalan anyer panarukan ini",0
"@collegemenfess barusan bgt bacaaa nihh
https://t.co/BPMg6hW61l",0
"wah, baru tau gue... https://t.co/ctA38T5IGm",0
"kalau kaya gini, aku jadi gaada guilty pleasure ngebeli buku tentang daendels yang itu wkwk

karena sejak beli jujur kadang ngerasa kaya ""apa ini bener ya, apa salah"" tentang membeli dan memiliki buku itu tapi bukan tentang isinya https://t.co/O7PO7fYka7",0
Ambil sisi positifnya!! Manusia memilik rasa tidak puas dan selalu mementingkan dirinya sendiri. https://t.co/gx1Yb7PbGL,0
Korupsi ternyata sudah terikat di DNA oknum pemerintah kita sejak dahulu ya. https://t.co/EhxdgCQfyt,0
"revisi buku sejarah, ada yang berani ga ya wkwkwk

gw tau sih kalo VOC itu runtuhnya gara-gara korup 

tapi kalo Bupatinya pribumi juga, ga ada obat sih https://t.co/Nr9zjYaDYS",0
ya Allah mau minta maaf aja sama pak daendels udah ngefitnah https://t.co/6lvxZydLHS,0
"klo bener adanya, brrti

nenek moyangku seorang koruptor ğŸ¶ https://t.co/nZzIUkFpTI",0
Maafkan saya pak Daendels sya sdh berburuk sangka sama bapakğŸ™ https://t.co/jPHIaMdVrR,0
Kebiasaan pejabat Indo ternyatağŸ˜‚ https://t.co/tntTSpdPtN,0
"baca ini miris banget, dijajah sama negara sendiri namanya. https://t.co/RqpBGMaDvH",0
Sejarah yang hidup adalah sejarah yang diperdebatkan! https://t.co/rgQDZztFRd,0
gue memfitnah daendels selama ini https://t.co/f77EE5Tne5,0
"Suka bangett baca2 sejarah gini, yg bahkan akku baru tau kebenaran nya di usia segini ğŸ˜­ https://t.co/U7ot97T0D7",0
Wow . Ternyata selama ini udah salah menilai orang ğŸ˜ penjajah sebenarnya adalah orang sendiri . https://t.co/K9Pi1TsosE,0
Berarti konsep ga jujur ini udah ada dari jaman penjajahan alias yang bikin rakyat kecil miskin ya penguasa pribuminya sendiri https://t.co/awKTHdwXbf,0
Jadi korupsi adalah budaya yang disembunyikan sejarah https://t.co/dw5g7IYyaK,0
"@sygfess https://t.co/ecdvQOa0Wx
Ini bukan ?",0
"Wah2 korupsi dari jaman dahulu.
Bisa dibilang sejarah yang kita pelajarin dibelok2in ya https://t.co/hm9z8hVT0B",0
"@Sandrianisme https://t.co/6QLZGPn7qy

Liat sini ngab",0
"""Dijajah bangsa sendiri"" https://t.co/ykU9C9OBZD",0
"Dijajah yak masih bise korupsi , apalagi sekarang ndak dijajah.. 

Emang mental korupsi Penguasa Indonesia https://t.co/avzXWFdWaZ",0
Pentingnya belajar sesuatu tuh dari dua arah pandangan https://t.co/rWoEcgeWg9,0
tak kiro jaman penjajahan gong enek tilep menilepp https://t.co/rO8gCHqK5k,0
"ğŸ 

Sudah dari jaman batu https://t.co/ldBgY224iD",0
Bahkan ilmu sejarah aja ada plot twistnya. Hmmm https://t.co/QQ86Mnh4WX,0
"Ya walaupun ada part â€œkerja paksa nyaâ€ setelah karangsambung, cumaa yaaa .. knp ga pernah dibahas masalah ke-korupsi-an bupati setempat. https://t.co/I6KWEap4Na",0
"Belajar sejarah emang ngaboleh dari satu sisi/referensi aja ya, selama ini didoktrin kalo belanda tuh kejam jahat dll tapi nyatanya gak melulu soal kejam, jatohnya ini kita yang dijajah sama negara sendiri dengan korup wkwk https://t.co/voosHPFfZd",0
"omo, mental korupsi yang mendarah daging :O https://t.co/TsN9GmIGjn",0
Nahlho kemana tuh duitnya kok gak nyampe ğŸ˜³ https://t.co/z59C8hLqc7,0
Sudah korup dr jaman dahoeloe kala bund https://t.co/YwUGtUe9Yu,0
kasian dong pak daendels kena fitnah mulu https://t.co/rple3rVx7y,0
dari Daendels kita belajar bahwa....... https://t.co/qsgwKkbHzM,0
"Kyknya menarik, qrt dulu lah
Nanti habis dinas baru di bacağŸ˜Š https://t.co/C8BvqjvfB2",0
Emang korup itu udah kebiasaan pejabat kita sejak dulu https://t.co/0pvgrX1XYW,0
kasian daendels sb nya kotor ğŸ˜” https://t.co/8c9Y1olj9m,0
"Owalah jadi sebenernya dlu tuh negara kita tidak dijajah, tapi negara kita cuman dimanage oleh pihak ketiga saja, soale negara kita bobroknya mendarah daging sih huhuhuhu https://t.co/20ioMbJkfR",0
j-jadi selama ini...... https://t.co/mQkhhGQMrG,0
"Wooo lha telo, kene lemburan yg tidak seberapa itu rak dibayar aja misuh2 tekan bulan depan ğŸ˜Œ https://t.co/lRgfpUHtTe",0
Bener ga ya ini?? https://t.co/4f1TElfbAp,0
"This blown my mind. 

Gandhi melakukan kekerasa seksual
Daendels ternyata bayar para pekerja https://t.co/jnn37kE04n",0
Wow baru taw https://t.co/UWp9lBTVyP,0
ini ga sih alasan ada elit2 tertentu di indo? https://t.co/BQvxHhlP83,0
ternyata korupsi itu sudah menjadi passion yak disini BUAHAHHAHAHAHAHAHA https://t.co/mntUFXIn0Z,0
anjir sejarah gue merasa terbodohi banyak bgt yg ga sesuai fakta ga si yg diajarin ke kita ã… ã…  kmren liat di tiktok ibu ibu crita tentang sejarah juga beda sama yg diajarin jdi kepikiran skdjdk https://t.co/VMC2A8WdFG,0
Gue kalau gak punya twitter kek nya gak bakalan tau fakta Daendels. https://t.co/fViCORyxT5,0
j-jadi selama ini yg dipelajari dari sd-sma itu.... https://t.co/k3Nu6ZnO5r,0
wow my whole life was a jokeğŸ¤¯ klo gini bener ya ternyata pribumi lebih jahat dari penjajah https://t.co/mFR621nGjm,0
Cakep nih kalau @JJRizal bikin diskusu bareng https://t.co/i75TOysFdE,0
Keturunan koruptor ternyata owalah ğŸ˜­ğŸ˜­ https://t.co/sLXwHqLuda,0
"@collegemenfess Ini guys threadnya coba dibaca ya 
https://t.co/9B3kLTI4c3",0
"Bisa dong rubah lirik.. ""Nenek moyangku para koruptor"".. https://t.co/ht7NA9Bv56",0
"Oh? Was ğŸ˜®
Emg ya sejarah tuh banyak dimanipulasi(?)
Harus pinterÂ² cari tau ğŸ˜… https://t.co/dVWanl1jLl",0
Dulu pernah bayangin (berharap) gimana Indonesia merdeka di bawah Inggris atau Belanda https://t.co/5OOfuxfZvP,0
"Kali bener sih ini makin kesini sejarah makin abu2, dari dulu korupsi mengakar di pemerintahan, walaupun ada unsur kerja paksanya. https://t.co/crOBQw4owC",0
"Gua baru tau sekarang, kasian Daendels difitnah mulu https://t.co/oEnrMlqtiy",0
gue puyeng juga baca ini ğŸ™‚ https://t.co/nFB0QP7LR4,0
ternyata mental korupsi sudah mendarah daging sejak jaman penjajahan https://t.co/KQKJDRVnvi,0
jadi inget guru sej gue selalu bilang kalo belajar sej itu gabisa dari satu sumber doang https://t.co/7Gz1ziybmM,0
ANJIRT MANTAP DISKUSI SEJARAH https://t.co/EzzDnTbUBf,0
jangan lupa baca sejarah yh biar nambah ilmu xixi https://t.co/nFB0QP7LR4,0
emang dasarnya doyan korup dri dulu ternyata ğŸ˜‘ https://t.co/qpifY96i03,0
Budaya korupsi di negara kita sudah sedari dulu ternyata. Jadi sebenarnya penjajah itu adalah negara kita sendiri bukan orang lain. Bisa jadi selama ini kita belajar sejarah yg salah ğŸ¤” https://t.co/LlstVe9pew,0
Emang brenski uga ini rangorang indon dari dulu https://t.co/gusg5xMLv1,0
sedjak dulu https://t.co/dY5aqqAojQ,0
Deandels puluhan tahun jadi korban fitnah ğŸ’¸ https://t.co/6uZHJQ8VOc,0
ku baru tau.. https://t.co/l7Xi5ltDFQ,0
Loheh. https://t.co/oJf9CR8yTT,0
"Nenek moyangku seorang pelaut âŒ
Nenek moyangku koruptor âœ”ï¸ https://t.co/Zmoi1x4zk4",0
terkejut anying. daendels selama ini kena fitnah warga seindonesia ğŸ˜­ https://t.co/fS63Ey6KaI,0
budaya korupsi sudah ada sejak dulu https://t.co/RH2YJagTH1,0
Ini bupatinya siapa deh:( https://t.co/VrtMqAXMLy,0
"untung waktu mapel sejarah gue nyontek, jadi gak rugi2 banget belajar sejarah salah https://t.co/GyoMBP3Vy2",0
"@mazzini_gsp Lebih sadis londo ireng kesimpulannya, termasuk di dalamnya mandor2.",0
Another story yang aku yakin di bangku sekolah belum ada penjelasan tentang sejarah kerja paksa (jaman Daendles) yang seperti ini https://t.co/nCkFpiNmOZ,0
Negara korup sejak dini https://t.co/IAE8A7WyEc,0
ğŸ˜¢ yang kita pelajari dulu berarti adalah sebuah kebohongan ğŸ˜¢ğŸ˜¢ https://t.co/DF8OXl7Ykx,0
berarti selama ini gue dibodohin sekolah? wkwk https://t.co/YpNqEthFdi,0
"Menurutku fakta ini perlu diajarin sejak SD gak sih? Soalnya nanti takut kek anak sekolah Jepang, mereka gatau nenek moyang mereka pernah menjajah Indonesia, karena gapernah diajarin di sekolah. https://t.co/FGueZfa0fk",0
Jeng jeng jeng https://t.co/2lOeGNC3M3,0
Capek ngga sih lo belajar tentang ini bener-bener ternyata yang dipelajari melenceng dari sejarah https://t.co/YwAEoNiHmt,0
"kasian daendels
#daendelsdeservebetter
#bupatiapologizetodaendels https://t.co/fhQDd57CsA",0
pagi2 baru tau kalau korupsi itu budaya sejak dulu :-D https://t.co/lAmlnBQvTu,0
KORUPSI BUPATINYA https://t.co/5YNa4wJBfH,0
Korupsi sudah ada sejak jaman daendels https://t.co/W2r2NYID5t,0
sudah mendarah daging https://t.co/m8CPOicRcA,0
Korupsi memang sudah menjadi gen keturunan oleh pemerintah indo ya:) dan mirisnya anak-anak indonesia udah ditanamkan di otak mereka sejak SD kalo Daendels lah yang kejamğŸ™„ https://t.co/SywBaJGoSJ,0
Wow. Korupsi udah dari jaman nenek moyang ternyata https://t.co/wAKDGdEo2h,0
lho lho ğŸ¤¨ https://t.co/Hs2dp4fiT4,0
"11 taun sekolah bru tau njir, berasa sia2 belajar sejarahğŸ˜­ https://t.co/SBNTTetRRs",0
*merasa dikhianati* https://t.co/1jtIJUXWdJ,0
Oh jadi korupsi adalah peninggalan leluhurğŸ˜‡ğŸ˜‡ https://t.co/VdlseKxkBB,0
jangan-jangan ini kasus korupsi terbesar sedunia ngalahin soeharto. https://t.co/pRJmcLU4eZ,0
"Jadi kerja paksa nya itu bukan konsep kompeni, tapi konsep raja lokal. Yassalam, yang kejam ga hanya kompeni memang, sayang ga ditulis di sejarah https://t.co/RP9wfeLOEF",0
Woylah anjir mindblowing @notacoffee_ @achmadsfauzi @Ftrms https://t.co/aI8OaqPYjf,0
Selama ini aku dibohongi sajarah ğŸ˜Œ https://t.co/eN5WYKHBBU,0
dan praktik korup masih terjadi hingga saat ini... https://t.co/0Mw7n5n9Iv,0
Ternyata memang mendarah daging. Pantesan udah merdeka makin menjadi-jadi. https://t.co/NHx373bFnj,0
budaya korupsi ternyata udah kuat mengakar dari zaman baheula hhhh https://t.co/aOzpdSTczB,0
So this means sebenernya kita tu dijajah sama bangsa sendiri khan ğŸ¤” https://t.co/nNeJhJgawa,0
pagi pagi baca ini dan.. wow https://t.co/ePqS7CXhRq,0
"harusnya gw tau diari sejak masi di SMA, biar bisa jd bahan diskusi bakal seru kayanyağŸ™‚ğŸ‘ https://t.co/mVJFBCOWi3",0
jangan jangan VOC bangkrut krn pribumi yg korup .. https://t.co/yiooyBUin2,0
"Bisa bisa nya jam 5 pagi bacaan nya tentang sejarah, padahal dulu pas smk setiap pelajaran sejarah jarang nyimak karna ngantuk, kalau bener bener bosen izin ke toilet padahal mah ke kanti ğŸ™ƒ https://t.co/ZnhlEsGhoK",0
"WKWK NIH BACA. Dulu aja prnah ngasih tau ini ke guru, temen2 tpi gada yg percaya. Korupsi udh ada sejak dulu. https://t.co/P8Ue6Pzq6a",0
@mazzini_gsp Wow aku mencium bau koruptor sejak jaman kompeni,0
kalo gue gapunya twitter gabakalan tau tntang ini:')) https://t.co/b2KX5GIMRa,0
"Wkwkwkwk, nasionalisme dengan narasi bangsa yang teraniaya. 
Ujung2 nya rakyat lagi, rakyat lagi. https://t.co/Vs2eT8jCSD",0
nenek moyang kita seorang k.... heee https://t.co/xzxGpPTTRs,0
@puppyunseong dibohongin sm sejarah persis kaya yg dilakuin raja fritz wkwk https://t.co/PFMzMiCUdw,0
"ya memang begitu adanya, londo gosong wkwkw https://t.co/M9MT9M4tkw",0
"Terbukti, pejabat2 Indonesia udh dari jaman Belanda doyan korupsi https://t.co/SY1Gmsvazj",0
"What? Serius? Kalau emang bener, kacau juga yg buat sejarahnya https://t.co/eADJgHEoCb",0
Berarti dlu jaman belajar sejarah apa yg salah ya ?? https://t.co/6Dm8a0p8np,0
"Jangan sampe menganggap orang luar orang yang telah menduduki indonesia orang baik dan menganggap semua pribumi jahat hnaya karna ada perbedaan sudut pandang dalam sejarah, yang jahat di pribumi itu orang orang yang mempunyai kuasa saat itu bukan rakyat jelata. https://t.co/3QKVURyRsl",0
Kan udh sering di bahas. â€œSejarah di tulis oleh pemenangâ€. Penting ga belajar sejarah? https://t.co/7cd2ljtjiR,0
"Korupsi adalah warisan budaya dari:
Zaman Orde Baru? âŒ
Zaman Kolonial Barat? âŒ
Zaman Kerajaan? âœ”ï¸ https://t.co/7zMUUD4ov6",0
"oh waw, ini beneran? https://t.co/MrGorKecIC",0
Berarti selama ini aku sudah soudzon dong ke daendels https://t.co/5lvFB2FrYw,0
"Emang dari dulu pemerintah kita suka ""madang geden"" https://t.co/eXbuxy6PBj",0
ilmu baru ini https://t.co/W1ITzae0aN,0
"Yang namanya sejarah, akan dikemas rapi oleh sang pemenang bukan? https://t.co/QewK1dJglV",0
"jangan2 romusha juga dibayar wkwkwk
emang tolo indo mah, ga salah top global https://t.co/m6OZhAQmDb",0
"Kadang tuh sempet mikir jangan2 yang tertulis di buku sejarah kenyataannya tidak demikian, jaman sekarang yg uda ada alat komunikasi canggih aja masi sering miskomunikasi, apalagi dulu ya? https://t.co/t9j5D2EYZh",0
Maaf ya daendels selama ini saya suudzon sama anda gara-gara buku sejarah yang saya pelajari pas sekolah https://t.co/5AjIQsoK1O,0
Jadi sejarah yang kita belajar di sekolah disetir ğŸ˜³ https://t.co/UjuempLDR6,0
"Sebuah plot twist yang sangat...
Ga heran lagi ya kenapa korupsi jadi ""budaya"" di negara ini wkwkwk https://t.co/FAWpUwwb5E",0
Daendels klo islam lumayan banget tuh buat penggugur dosa difitnah puluhan tahun ğŸ˜ https://t.co/fwOFCED8dM,0
Bisa disebut pembohongan selama puluhan tahun terhadap anak bangsa gak nih? ğŸ™ƒ https://t.co/isrjD3LiFC,0
"Lah dibuku sejarah kok ngga dikasih keterangan, kan ya kasihan kena prasangka buruk terus si bapak https://t.co/byic73EjaU",0
Woo jebul wes seko biyen ya kurang amanah ki ğŸ˜²ğŸ˜²ğŸ˜² https://t.co/fNNRTLZVXG,0
"@gebetannyakamuu @schfess boleh, inii
https://t.co/tZuzx11y8A",0
Kasian deandels.... https://t.co/mURt0JJKuo,0
"dan kami sekelas sudah di bohongi mulai dari SD, pelajaran Sejarah yg ada dalm otak itu bahwa itu adalah perbudakan belanda ternyata oh ternyata pemimpinnya yg memperbudak rakyatnya sendiri.
kesal kali sih baru umur 25 tahun tau kenyataanya begini https://t.co/i25WRJEZiC",0
Pagi-pagi udah bikin mikir baca thread ini https://t.co/8SXoUUFk2s,0
"Kan apa dibilang ""Sejarah ditulis oleh pemenang"" https://t.co/8ygAgX4sdS",0
Korupsi dan dusta adalah bagian dari budaya kita sejak dulu kala https://t.co/WF14uLOCtj,0
Beda sm yg dibuku sejarah ternyata ... https://t.co/Lv4VRTrzu8,0
wajib ditanyakan kepada mr.sumarso https://t.co/asLCF6k8Re,0
"Sejarah seperti ini kenapa tidak dijelaskan dalam buku pelajaran sekolah secara rinci, hanya terbatas saja, apakah memang sengaja ditutupi atau memang banyak pengajar yang belum mengetahui fakta sebenarnya? Mungkin bisa bantu hhehe https://t.co/Cd3niMscOM",0
Inilah namanya Terfitnah https://t.co/tblXhiIKTU,0
Mungkin ada yang belum tau https://t.co/mSKR7iWi6n,0
"Pinter English karena Twitter âœ…
Pinter sejarah karena Twitter âœ…

serius gue jadi banyak wawasan kalo di Twitter, udah tau sih kalo daenles bayar pribumi buat ngerjainnya, cuma kalo baca di thread tuh rasanya beda ğŸ˜­ğŸ‘ https://t.co/FqihpefPD3",0
*menyimak* begini rasanya di fitnah ratusan tahun hmm https://t.co/pNpjIoRVaO,0
"kalau benar, kemana uangÂ² itu? kenapa di buku sejarah berbeda dengan fakta? https://t.co/irHzfGRLHD",0
daendels sepanjang masa di fitnah kang kejam https://t.co/HrCkS79fZc,0
"@siapagituini gue juga nge re-tweet ini ca, 

https://t.co/N2bYytReDm",0
"Emg sejarah tuh gak sepenuhnya benar, karena ya sejarah itu di ceritakan oleh pemenang, kalo yg sebenarnya terjadi gak begitu tapi yg menang pihak ini misal, dia hidup sampe bisa buat cerita turun temurun, ya jadinya cerita itu jadi versi dia, contoh aja g.30 s/p/k/! https://t.co/XRxhoDi72C",0
Kenapa gua baca ginian setelah lulus siiihhh https://t.co/BjvFe5kLco,0
"dari sd taunya daendels jahat betul, gataunya plot twist https://t.co/Huue2YEvHd",0
Jiwa Koruptor sejak kolonial emang Indo Indo https://t.co/GyMVNHEShd,0
ih keren bacain repnya https://t.co/Pxg0KoxRbz,0
Berarti jiwa korupsi pejabat kita tuh udah tumbuh sejak dahulu kala ya. Nggak heran sekarang yg korupsinya makin makin https://t.co/Ckw8NfKL3k,0
maaf pak daendels selama ini aku suudzon&gt;&lt; https://t.co/pGlHTLL7Tl,0
Busetttt hampir ratusan tahun om daendles kena fitnah https://t.co/lRU8059PY9,0
Merinding bacanya.... https://t.co/3ntVK0YCyd,0
ternyata korupsi sudah ada sejak Indonesia belum berdiri https://t.co/VVbppxDblw,0
"Valid, budaya nenek moyang https://t.co/d8gNYMRIc8",0
WTF! Korup sejak jaman nenek moyang! Yang kena fitnah malah Daendels. https://t.co/K36xIc6E6s,0
Ada catetannya ga ya bupati pada zaman itu? https://t.co/RUCCtNS8lY,0
Waw berarti korup suda terdeteksi dari dini https://t.co/zV9Zo0QERR,0
"Jadi, selama ini sejarah kita banyak yang tersembunyi :( https://t.co/KCqLGOa4D1",0
Kasian daendels. Korban playing victim ratusan tahun. https://t.co/3fbd6fLEY2,0
"Gak kaget juga sih ada artikel kaya gini, soalnya yg pernah aku lihat justru dari video dokumentasi masa kolonialisme, yg membuat keributan ialah sesama pribumi yg memiliki pangkat jabatan di pemerintahan masa kolonial. Oknum pembangkang ras pribumi sampai skrg masih diwariskan https://t.co/oafllf9zUM",0
"@mazzini_gsp Aku butuh buku atau linknya tentang sejarah yang ga tertulis dibuku sejarah SD-SMA, ada yang punya rekomendasinya?",0
@mazzini_gsp Nah kann emng bener kalo dari dulu di indo udh ada bibit koruptor,0
@mazzini_gsp ga salah budaya korupsi udh mendarah daging,0
buku sejarah gw perlu di revisi nih.... https://t.co/cnGwusr3Ni,0
Penasaran sama nama bupatinya https://t.co/AiDHQeJlpu,0
"Bangun tidur jam 4, trending topic #Daendels , langsung nyimak.  Menarik.... https://t.co/PKWqsR4X0Y",0
"Ternyata belanda masih punya hati dari pada bupatinya... 
semoga bupati generasi sekarang ga kya yg sudah"" ... https://t.co/bQuuITkrcJ",0
kasian banget anak orang dibenci bertahun-tahun padahal yang salah pemerintah. hadeh. ini akibat lihat dari satu sisi aja. https://t.co/yLmgTWwyt3,0
"Waaa ngga bener ini, selama ini gua uda prasangka buruk dong sama daendels, kasihan daendels korban firnah selama iniğŸ˜ŒğŸ˜Œ https://t.co/vfD9BjfioT",0
"Hehehe
Memang kerjaan cukong
Sedari lampau sampe modern https://t.co/9ggiduvz69",0
"kasian ya, bertahun2 kita pelajari materinya dia kena fitnah kerja rodi. https://t.co/1XhFbGrIs4",0
kok gw jd malu https://t.co/VPfYjW1U6S,0
Belajar sejarah gaes https://t.co/dCq57Q0yJg,0
"Seperti novel Setan Van Oyot karya Djokolelono yg juga mengambil cerita mengenai Ndoro Sinder, sebutan pemimpin lokal di cerita itu yg melakukkan korupsi dana yg diberikan oleh Belanda.

Tapi tetap ya yang dilakukkan Belanda itu jahat! https://t.co/gFi3NIKCn3",0
Ternyata biang keladinya orang indonesia sendiri https://t.co/vFVkdCWquC,0
"Owh berarti mirip2 londo ireng kmaren ya,bansos,banjir dll https://t.co/JDWzgvYuLw",0
belajar sejarah jadinya https://t.co/wjmAxVBopR,0
"Pagi pagi baca kyk gni, antara shock dan nggak.. https://t.co/JcfD51Li5S",0
Kasian Daendels difitnah di buku sekolah ğŸ¤£ğŸ¤£ https://t.co/HwsSQHcm04,0
"Bingung, tapi di buku sejarah daendels terus yang salahnya. Apa sengaja ditutupin? ğŸ˜° https://t.co/j9W2GDnBoq",0
buat apa belajar sejarah cape cape kalo tau tau salah ğŸ˜© https://t.co/UyyXLyweZS,0
Jebul wes pungli sejak doelo https://t.co/7Xra55Mejg,0
"Bahkan buku Max Havelaar karya Multatuli saja menceritakan tentang bupati Lebak yang korupsi dan melakukan penyelewengan terhadap pekerja tanam paksa, jadi sejak zaman Belanda pun pribumi/Inlander sudah menjadikan korupsi sebagai budaya https://t.co/6Y8P7oxIuc",0
"nahh ini dia, yang bener.. daendels ini sebernernya beri upah https://t.co/PiM7QwApsn",0
@mazzini_gsp Apakah kalian merasa dibohongi sejarah yg diajarkan disekolah gara gara twit ga jelas ini.mikir,0
@mazzini_gsp @rhyzonda Penjajah ttp penjajah,0
"@collegemenfess Bener nder, nih ada penjelasannya https://t.co/edtSi002oW",0
anjir sejak sd-sma diajarinnya daendels kejam bener ke indonesia. inget gak pak ysj. ceritain ini heboh bgt di kelas @franesyaa https://t.co/HZNXArIc7C,0
Daendels pun ahirnya masuk surga karna difitnah oleh sejarah https://t.co/C8K8TcItZ9,0
"Emang ya, buku boss sejarah tuh perlu di rombak besar besaran njir isinya ğŸ’€ https://t.co/tbqyfaPn4C",0
sejarah ini (jika mmg benar) mnjd bukti klo KORUPSI itu diciptakan oleh bangsa kita sendiri. https://t.co/IcWiGumdiO,0
"Kenapa makin kesini, pelajaran sejarah pas disekolah makin â€œterungkapâ€ semua https://t.co/qR7NnZrnMy",0
"wis ra ono sing ceto, asw. https://t.co/Z2xLyZlF9l",0
"Orang bener2 terlalu bodoh kalo berpikir bahwa Daendels itu suci. Dan dia ga tahu menahu urusan duit yg dikorupsi.

Do you think the Dutch would be able to rule Indonesia for hundreds of years kalo mereka ga punya kemampuan mendapatkan info lapangan?

Daendels ga tau apa2 my ass! https://t.co/5JMwGc8K8F",0
ky kasusnya cultuurstelsel. penguasa daerah bener-bener brperan penting disini (: https://t.co/6zYaVm397z,0
Apa ngga ada yg mau nambah in ini di pelajaran sejarah https://t.co/cfRPlWD71f,0
Oalah bapak Deden a.k.a Daendels kena fitnah-_ https://t.co/N1aS6FKjBy,0
Jd selama ini aku di prank sama guru sejarahku ğŸ˜³ https://t.co/liWI67F5oN,0
Payah dr dulu sdh ada korupsi... https://t.co/znp7h7fKyL,0
Ternyata yabg dakjal dari awal bangsa sendiri :( https://t.co/c3ODDe4rOh,0
"Jd selama ini yg kita tau tuh cuman hoax? Allah, kasian kali kita ni ğŸ˜¢ https://t.co/2HALXdaBGN",0
hmm menarik https://t.co/DM28MdRsGv,0
"berarti yg gada otak bupati nya dong:"") https://t.co/9naQDi2Opw",0
"yang korup siapaa, yang kena suudzon berpuluh"" tahun siapa

poor Daendels https://t.co/8IHyciyVQj",0
Jd emang dr dulu udah ad penjajah dr pribumi yg serakah dan tamak https://t.co/kj5C8D99iQ,0
Belajar sejarah dulu kak https://t.co/HSZxA7PpWY,0
Ternyata sudah budaya sejak dahulu ğŸ˜Œ https://t.co/3mNFAUizmr,0
"@keinesasih sangat penasaran klo ditrace bupati2 jaman dulu korup begitu, keluarganya sekarang udah jadi apa atau sudah sekaya apa 6 6",0
nilep duit ternyata udh ada dari jaman dlu ahahah skrng mental korup lg diwarisi pantesan https://t.co/qMV4ryuwXn,0
"Yang kayak ginian aja aku baru tau, dangkal banget ya pengetahuanku ğŸ™ƒ https://t.co/HOCx6oe0wq https://t.co/W0cEWD1t84",0
sejarah emang subjektif sih https://t.co/Hic5ucZU1y,0
Nenek Moyangmu seorang koruptor https://t.co/6iN2NPRisi,0
"Bedo mbek buku sejarah s3, sd smp sma https://t.co/XExRN75QaN",0
Hadeh... https://t.co/hqQoBDlFkm,0
"Merasa dibohongin oleh sejarah sendiri...

Indonesia, why???? https://t.co/A1IhHa0SEQ",0
nenek moyangku koruptor dong? https://t.co/y1RvX7u8c9,0
Kasian Daendels difitnah bertahun tahun ğŸ˜­ https://t.co/p4T9ZAl9VN,0
"Lihat lah repnya, byk org yg baru tau, karena kaga bakal dikasih taulah di pelajaran sekolah https://t.co/39wHqlKz2L",0
Wahai pribumj. Enak kan rasanya keringat kaummu sendiri. ğŸ˜‚ https://t.co/tqapQthFgg,0
"Semua negara pasti ada manipulasi sejarah kok, karna negara bertanggung jawab buat ngontrol tingkat patriotisme warga negara nya, beda nya cuman seberapa banyak.

jepang aja ngapus sejarah kekejaman penjajahan yg dilakuin negaranya sendiri, biar pride warga negaranya tetep tinggi https://t.co/ca2wEjrOP3",0
Ternyata penyakitnya sudah dari jaman dulu ğŸ™ƒ https://t.co/4OhxK49SFL,0
Ternyata sejak zaman VOC korupsi sudah jadi budaya. Maka dari itu harus dilestarikan agar tdk diklaim negara tetangga. https://t.co/SxcxWmhyye,0
bertaunÂ² dibohongi anjir https://t.co/DrUvhdeCyT,0
Waduhh...bisa tau nggak yaa siapa2 bupati saat itu dan ahli warisnya saat ini...ğŸ˜’ https://t.co/X5EwKxsvo2,0
Wah anjir guru sejarah gua kaga pernah tau sejarah yang sebenernya. https://t.co/7iYVsnQPoJ,0
waw ternyata oh ternyata. korupsi udh jaman dr dulu https://t.co/8QPgGjDAyu,0
@literarybase Seri tokoh-nya Tempo,0
"masyarakat indo ini emng suka korupsi, yang tidak korupsi krn belum ada kesempatan aja. korupsi cuma dari kalangan pejabat tinggi? coba hitung berapa banyak kepala desa yang terpidana korup sejak ada dana desa https://t.co/XCgut13bVE",0
"@collegemenfess baru baca kemaren
https://t.co/A99sEfdRsR",0
Baca reply disini kek kembali belajar sejarahğŸ˜­ https://t.co/Lr4Fr9v3BA,0
"@indra_agusta Sosok menarik Daendels ini. Gak baik banget, gak sebegitu buruk juga.

Bayangin aja dia diutus oleh atasannya (Napoleon) beresin masalah administrasi di Jawa dan konflik sama Inggris. Tapi pegawai2 yg tersedia, semuanya mantan VOC yg nyengit sama kubu Napoleon ğŸ˜‚",0
"@Fajar_al_fakir Soal kesehatan diabaikan
Intinya itu sih",0
Jaman Daendels ada bansos gak? https://t.co/TEAMSA0ZXg,0
"Kalau dari yang baca di Max Havelaar karya Multatuli, emang ada beberapa pejabat/bupati pribumi yang korup dan memperkaya diri sendiri. https://t.co/HoHmD3TgPN",0
"Contoh lain: Kalau gw misalnya bayar debt collector lah ya buat nagih duit dari orang yg hutang sama gw.

Kalo gw tau si collector pasti kasar dan menyiksa, terus gw tetap bayar dia berarti gw salah. Tapi kalau gw ga tau si collector bakal gitu &amp; dia ngakunya ga gitu, gw ga salah",0
"@teddyslfc @mazzini_gsp Pernah nulisin ini ketika ada makul sejarah di ugm, dan dosenku ngasih A, tbh kalau diruntuâ€¦ https://t.co/Fp6gsrVaIT",0
Emang dari jaman bahela jiwa korupsinya kuat bund https://t.co/tdDUXsu8rl,0
Ya ampun gue kget. Sejarah Indonesia konspirasi nya mengejutkan bngt. Lumayan baca ini nmbah info baru. Selama ini gue hapal bngt sejarah Korea. Kali2 pljarin sejarah negara sndri. https://t.co/naBUrXyutG,0
@teddyslfc @mazzini_gsp Kayaknya banyak yang kaget dengan fakta sejarah ini ya? Aku sih udah tau dari dulu.,0
"@teddyslfc @mazzini_gsp Kok bisa ya Setega itu, duit sendiri masih kurang apa ya sampe ngerampas hak orang lain. Suka gak habis pikir aku tu sama yang suka korupsi, mau sebanyak apa lagi  duitnyağŸ™ƒ. Kok gak ngilu gitu ngeliat orang lain mati kelaparan",0
Nenek moyang kita adalah seorang koruptor ğŸ˜‚ğŸ˜‚ https://t.co/gY7PU2UgPQ,0
@teddyslfc @mazzini_gsp Tenyata .... oo ternyata ... lucuÃ¹u bangeett  ğŸ˜…ğŸ˜…ğŸ˜…,0
@teddyslfc @mazzini_gsp @ardisstywn tumben yg kamu like berguna,0
Semua berawal dari Sukarno sang Mandor Romusha.. https://t.co/pRgQiCBApi,0
"Daendels, ""lah yang bikin jadi kerja paksa bupati lu, gua mah ngasih sumpa dah"" https://t.co/gOGgcrB1oz",0
Gue diboongin buku sejarah sekolah apa gmnğŸ˜”âœŠ https://t.co/1jVZPNRmRz,0
"Sejarah memang tidak bisa di valid kan, karena memang kita tidak hidup pada zamanya.

Dan Gus Baha dawuh bahwa sejarah itu tergantung sang penulis. https://t.co/fmjRuD6skW",0
jadi.. https://t.co/03WNxC6ghL,0
"@lksxnx @collegemenfess Nah iya, thankyou gan",0
wow baru tau sumpah ini menarik banget sih https://t.co/pZma83KSMH,0
"Jejak sejarah yg hilang. Jadi, rekapan keuangan e cuman ke pantau sampek bupati aja. Abis itu do lucuti habis. Sampek banyak korban dari pembangunan ini. Banyak yg bilang korban jalan pos lebih bnyk dr pd korban pembangunan tembok besar cina.
((Yg katanya terbanyak sedunia)) https://t.co/DEcfIn8Vz2",0
Punya cerita sama kaya gini cuma bedanya terjadi sekitar tahun  2015an https://t.co/hC0gSLy916,0
"Whaa mimin akun horor kesukaan akuh pairel. Info2 dia memang sering memberikan pov agak berbeda, menarik utk dibaca. https://t.co/hEeKwtjcdr",0
"Pernah denger kalimat...
Kurleb kayak gini,
""Kalau mau membelah suatu bangsa, kacaukan lah sejarahnya."" https://t.co/DmwLmhU8yS",0
klo memang bener brarti yang jahat adalah heheheheh https://t.co/tzLymsUYTU,0
"kalo ini bener, saya tidak kaget https://t.co/m1GvHmUIwR",0
Nenek moyangku seorang pÌ¶eÌ¶lÌ¶aÌ¶uÌ¶tÌ¶ koruptor https://t.co/mhQnGCfeap,0
yok dibongkar yook https://t.co/jYZpMHXoYB,0
kan bener apa kata gua waktu itu pastilah di bayar anjir emang ni sejarah yg bener kekubur semua https://t.co/pVpBrqPl6L,0
"Pejabat lokal dari jaman kolonial emang tukang kentit koq.
&amp; Para penjajah tau itu semua https://t.co/wtYKMANSUz",0
Sejarah yang dipelintir (?) https://t.co/xTzlBXEPFP,0
"Ah masa, jangan jangan hanya akal akalan rezim saja..

Ckuaakkkss https://t.co/vQrembr13Z",0
"Hm, baru aja aku baca buku di jok belakang mobil yang mana karakternya bilang dia gasuka belajar sejarah karena sejarah itu isinya menipu. Kita cuma lihat sejarah dari satu sisi, padahal kita tau manusia ga selamanya putih ga selamanya hitam ğŸ˜Œ https://t.co/8pJ9dux2uc",0
Korup sedari dulu ğŸ™ https://t.co/jPiGP6fxzP,0
"gw pernah diceritain guru sejarah SMA kalo emg bbrp sejarah kita ga akurat dan praktek korupsi dari zaman penjajahan tuh udh ada, kaya bupati yang selalu ambil bbrp penghasilan rakayat https://t.co/1duvtW7VTf",0
"Baca deh komen komennya. Seneng banget deh rasanya jadi belanda.. udah njajah, malah dibelain ama yang dijajah. https://t.co/vCiNsyrg46",0
Kasian Daendels ratusan tahun difitnah.. https://t.co/vPePf8Z6sN,0
Teknologi mengupas tuntas semuanya https://t.co/rIdJGfTyGH,0
Londo Ireng dan Mental Inlander https://t.co/bulR1dHFjU,0
